{
    "rsme": 0.6591405506792327,
    "mae": 0.5254491397296378,
    "r2": 0.2585583590601611
}